{"@SRR24581287.1": {"meanQ": 32.79598662207358, "medianQ": 36, "length": 299}, "@SRR24581287.2": {"meanQ": 31.76736111111111, "medianQ": 36.0, "length": 288}, "@SRR24581287.3": {"meanQ": 34.691275167785236, "medianQ": 36.0, "length": 298}, "@SRR24581287.4": {"meanQ": 35.00335570469799, "medianQ": 36.0, "length": 298}, "@SRR24581287.5": {"meanQ": 32.87632508833922, "medianQ": 36, "length": 283}, "@SRR24581287.6": {"meanQ": 32.59219858156028, "medianQ": 36.0, "length": 282}, "@SRR24581287.7": {"meanQ": 35.053872053872055, "medianQ": 36, "length": 297}, "@SRR24581287.8": {"meanQ": 33.7508896797153, "medianQ": 36, "length": 281}, "@SRR24581287.9": {"meanQ": 34.31438127090301, "medianQ": 36, "length": 299}, "@SRR24581287.10": {"meanQ": 35.17056856187291, "medianQ": 36, "length": 299}, "@SRR24581287.11": {"meanQ": 34.92307692307692, "medianQ": 36, "length": 299}, "@SRR24581287.12": {"meanQ": 34.25503355704698, "medianQ": 36.0, "length": 298}, "@SRR24581287.13": {"meanQ": 30.59731543624161, "medianQ": 36.0, "length": 298}, "@SRR24581287.14": {"meanQ": 34.93856655290102, "medianQ": 36, "length": 293}, "@SRR24581287.15": {"meanQ": 35.08361204013378, "medianQ": 36, "length": 299}, "@SRR24581287.16": {"meanQ": 31.127946127946128, "medianQ": 36, "length": 297}, "@SRR24581287.17": {"meanQ": 31.903225806451612, "medianQ": 36, "length": 279}, "@SRR24581287.18": {"meanQ": 35.08445945945946, "medianQ": 36.0, "length": 296}, "@SRR24581287.19": {"meanQ": 33.11888111888112, "medianQ": 36.0, "length": 286}, "@SRR24581287.20": {"meanQ": 35.29666666666667, "medianQ": 36.0, "length": 300}, "@SRR24581287.21": {"meanQ": 34.196850393700785, "medianQ": 36.0, "length": 254}, "@SRR24581287.22": {"meanQ": 35.47666666666667, "medianQ": 36.0, "length": 300}, "@SRR24581287.23": {"meanQ": 35.19063545150502, "medianQ": 36, "length": 299}, "@SRR24581287.24": {"meanQ": 34.593333333333334, "medianQ": 36.0, "length": 300}, "@SRR24581287.25": {"meanQ": 29.758196721311474, "medianQ": 32.0, "length": 244}, "@SRR24581287.26": {"meanQ": 35.262458471760795, "medianQ": 36, "length": 301}, "@SRR24581287.27": {"meanQ": 35.06060606060606, "medianQ": 36, "length": 297}, "@SRR24581287.28": {"meanQ": 34.92642140468227, "medianQ": 36, "length": 299}, "@SRR24581287.29": {"meanQ": 34.72666666666667, "medianQ": 36.0, "length": 300}, "@SRR24581287.30": {"meanQ": 34.76845637583892, "medianQ": 36.0, "length": 298}, "@SRR24581287.31": {"meanQ": 33.21201413427562, "medianQ": 36, "length": 283}, "@SRR24581287.32": {"meanQ": 35.108108108108105, "medianQ": 36.0, "length": 296}, "@SRR24581287.33": {"meanQ": 34.888888888888886, "medianQ": 36, "length": 297}, "@SRR24581287.34": {"meanQ": 34.29333333333334, "medianQ": 36.0, "length": 300}, "@SRR24581287.35": {"meanQ": 33.794019933554814, "medianQ": 36, "length": 301}, "@SRR24581287.36": {"meanQ": 34.47826086956522, "medianQ": 36, "length": 299}, "@SRR24581287.37": {"meanQ": 35.11824324324324, "medianQ": 36.0, "length": 296}, "@SRR24581287.38": {"meanQ": 32.35548172757475, "medianQ": 36, "length": 301}, "@SRR24581287.39": {"meanQ": 34.47278911564626, "medianQ": 36.0, "length": 294}, "@SRR24581287.40": {"meanQ": 34.91610738255034, "medianQ": 36.0, "length": 298}, "@SRR24581287.41": {"meanQ": 32.462406015037594, "medianQ": 36.0, "length": 266}, "@SRR24581287.42": {"meanQ": 35.147157190635454, "medianQ": 36, "length": 299}, "@SRR24581287.43": {"meanQ": 35.033222591362126, "medianQ": 36, "length": 301}, "@SRR24581287.44": {"meanQ": 34.58703071672355, "medianQ": 36, "length": 293}, "@SRR24581287.45": {"meanQ": 25.544642857142858, "medianQ": 27.0, "length": 224}, "@SRR24581287.46": {"meanQ": 34.458193979933114, "medianQ": 36, "length": 299}, "@SRR24581287.47": {"meanQ": 34.447811447811446, "medianQ": 36, "length": 297}, "@SRR24581287.48": {"meanQ": 31.846153846153847, "medianQ": 36, "length": 221}, "@SRR24581287.49": {"meanQ": 27.235507246376812, "medianQ": 32.0, "length": 276}, "@SRR24581287.50": {"meanQ": 35.11071428571429, "medianQ": 36.0, "length": 280}, "@SRR24581287.51": {"meanQ": 34.70134228187919, "medianQ": 36.0, "length": 298}, "@SRR24581287.52": {"meanQ": 33.986622073578594, "medianQ": 36, "length": 299}, "@SRR24581287.53": {"meanQ": 34.946666666666665, "medianQ": 36.0, "length": 300}, "@SRR24581287.54": {"meanQ": 34.63636363636363, "medianQ": 36, "length": 297}, "@SRR24581287.55": {"meanQ": 34.91467576791809, "medianQ": 36, "length": 293}, "@SRR24581287.56": {"meanQ": 34.08098591549296, "medianQ": 36.0, "length": 284}, "@SRR24581287.57": {"meanQ": 34.460750853242324, "medianQ": 36, "length": 293}, "@SRR24581287.58": {"meanQ": 35.130434782608695, "medianQ": 36, "length": 299}, "@SRR24581287.59": {"meanQ": 34.124161073825505, "medianQ": 36.0, "length": 298}, "@SRR24581287.60": {"meanQ": 34.69152542372881, "medianQ": 36, "length": 295}, "@SRR24581287.61": {"meanQ": 30.850806451612904, "medianQ": 36.0, "length": 248}, "@SRR24581287.62": {"meanQ": 35.10738255033557, "medianQ": 36.0, "length": 298}, "@SRR24581287.63": {"meanQ": 34.57, "medianQ": 36.0, "length": 300}, "@SRR24581287.64": {"meanQ": 33.96527777777778, "medianQ": 36.0, "length": 288}, "@SRR24581287.65": {"meanQ": 31.771217712177123, "medianQ": 36, "length": 271}, "@SRR24581287.66": {"meanQ": 34.93311036789298, "medianQ": 36, "length": 299}, "@SRR24581287.67": {"meanQ": 34.876254180602004, "medianQ": 36, "length": 299}, "@SRR24581287.68": {"meanQ": 32.709030100334445, "medianQ": 36, "length": 299}, "@SRR24581287.69": {"meanQ": 33.822916666666664, "medianQ": 36.0, "length": 288}, "@SRR24581287.70": {"meanQ": 35.486666666666665, "medianQ": 36.0, "length": 300}, "@SRR24581287.71": {"meanQ": 34.45918367346939, "medianQ": 36.0, "length": 294}, "@SRR24581287.72": {"meanQ": 34.91304347826087, "medianQ": 36, "length": 299}, "@SRR24581287.73": {"meanQ": 34.32203389830509, "medianQ": 36, "length": 295}, "@SRR24581287.74": {"meanQ": 35.14, "medianQ": 36.0, "length": 300}, "@SRR24581287.75": {"meanQ": 32.24163568773234, "medianQ": 36, "length": 269}, "@SRR24581287.76": {"meanQ": 34.96258503401361, "medianQ": 36.0, "length": 294}, "@SRR24581287.77": {"meanQ": 32.70106761565836, "medianQ": 36, "length": 281}, "@SRR24581287.78": {"meanQ": 34.271186440677965, "medianQ": 36, "length": 295}, "@SRR24581287.79": {"meanQ": 31.72340425531915, "medianQ": 36, "length": 235}, "@SRR24581287.80": {"meanQ": 27.19924812030075, "medianQ": 32.0, "length": 266}, "@SRR24581287.81": {"meanQ": 33.824742268041234, "medianQ": 36, "length": 291}, "@SRR24581287.82": {"meanQ": 34.35294117647059, "medianQ": 36, "length": 289}, "@SRR24581287.83": {"meanQ": 34.59298245614035, "medianQ": 36, "length": 285}, "@SRR24581287.84": {"meanQ": 35.0958904109589, "medianQ": 36.0, "length": 292}, "@SRR24581287.85": {"meanQ": 32.98233215547703, "medianQ": 36, "length": 283}, "@SRR24581287.86": {"meanQ": 32.96928327645051, "medianQ": 36, "length": 293}, "@SRR24581287.87": {"meanQ": 34.58922558922559, "medianQ": 36, "length": 297}, "@SRR24581287.88": {"meanQ": 34.38461538461539, "medianQ": 36, "length": 299}, "@SRR24581287.89": {"meanQ": 34.371024734982335, "medianQ": 36, "length": 283}, "@SRR24581287.90": {"meanQ": 34.97, "medianQ": 36.0, "length": 300}, "@SRR24581287.91": {"meanQ": 34.74915254237288, "medianQ": 36, "length": 295}, "@SRR24581287.92": {"meanQ": 34.56055363321799, "medianQ": 36, "length": 289}, "@SRR24581287.93": {"meanQ": 33.75778546712803, "medianQ": 36, "length": 289}, "@SRR24581287.94": {"meanQ": 32.108303249097474, "medianQ": 36, "length": 277}, "@SRR24581287.95": {"meanQ": 32.397306397306394, "medianQ": 36, "length": 297}, "@SRR24581287.96": {"meanQ": 35.18855218855219, "medianQ": 36, "length": 297}, "@SRR24581287.97": {"meanQ": 33.581314878892734, "medianQ": 36, "length": 289}, "@SRR24581287.98": {"meanQ": 33.523648648648646, "medianQ": 36.0, "length": 296}, "@SRR24581287.99": {"meanQ": 35.26578073089701, "medianQ": 36, "length": 301}, "@SRR24581287.100": {"meanQ": 35.05084745762712, "medianQ": 36, "length": 295}}