{"@SRR24581281.1": {"meanQ": 33.85382059800664, "medianQ": 36, "length": 301}, "@SRR24581281.2": {"meanQ": 34.644827586206894, "medianQ": 36.0, "length": 290}, "@SRR24581281.3": {"meanQ": 35, "medianQ": 36, "length": 295}, "@SRR24581281.4": {"meanQ": 34.513333333333335, "medianQ": 36.0, "length": 300}, "@SRR24581281.5": {"meanQ": 34.439189189189186, "medianQ": 36.0, "length": 296}, "@SRR24581281.6": {"meanQ": 34.207357859531776, "medianQ": 36, "length": 299}, "@SRR24581281.7": {"meanQ": 35.266666666666666, "medianQ": 36.0, "length": 300}, "@SRR24581281.8": {"meanQ": 31.656603773584905, "medianQ": 36, "length": 265}, "@SRR24581281.9": {"meanQ": 31.81159420289855, "medianQ": 36.0, "length": 276}, "@SRR24581281.10": {"meanQ": 34.70666666666666, "medianQ": 36.0, "length": 300}, "@SRR24581281.11": {"meanQ": 32.09338521400778, "medianQ": 36, "length": 257}, "@SRR24581281.12": {"meanQ": 34.7109634551495, "medianQ": 36, "length": 301}, "@SRR24581281.13": {"meanQ": 35.317880794701985, "medianQ": 36.0, "length": 302}, "@SRR24581281.14": {"meanQ": 35.20066889632107, "medianQ": 36, "length": 299}, "@SRR24581281.15": {"meanQ": 35.27457627118644, "medianQ": 36, "length": 295}, "@SRR24581281.16": {"meanQ": 33.27402135231317, "medianQ": 36, "length": 281}, "@SRR24581281.17": {"meanQ": 33.048327137546465, "medianQ": 36, "length": 269}, "@SRR24581281.18": {"meanQ": 34.73809523809524, "medianQ": 36.0, "length": 294}, "@SRR24581281.19": {"meanQ": 34.508532423208194, "medianQ": 36, "length": 293}, "@SRR24581281.20": {"meanQ": 34.50333333333333, "medianQ": 36.0, "length": 300}, "@SRR24581281.21": {"meanQ": 34.29865771812081, "medianQ": 36.0, "length": 298}, "@SRR24581281.22": {"meanQ": 30.973076923076924, "medianQ": 36.0, "length": 260}, "@SRR24581281.23": {"meanQ": 35.21016949152543, "medianQ": 36, "length": 295}, "@SRR24581281.24": {"meanQ": 31.84115523465704, "medianQ": 36, "length": 277}, "@SRR24581281.25": {"meanQ": 35.10033444816054, "medianQ": 36, "length": 299}, "@SRR24581281.26": {"meanQ": 33.506802721088434, "medianQ": 36.0, "length": 294}, "@SRR24581281.27": {"meanQ": 33.4020979020979, "medianQ": 36.0, "length": 286}, "@SRR24581281.28": {"meanQ": 27.145454545454545, "medianQ": 32, "length": 275}, "@SRR24581281.29": {"meanQ": 30.29811320754717, "medianQ": 36, "length": 265}, "@SRR24581281.30": {"meanQ": 33.24909747292419, "medianQ": 36, "length": 277}, "@SRR24581281.31": {"meanQ": 34.483333333333334, "medianQ": 36.0, "length": 300}, "@SRR24581281.32": {"meanQ": 34.986577181208055, "medianQ": 36.0, "length": 298}, "@SRR24581281.33": {"meanQ": 34.97260273972603, "medianQ": 36.0, "length": 292}, "@SRR24581281.34": {"meanQ": 32.68055555555556, "medianQ": 36.0, "length": 288}, "@SRR24581281.35": {"meanQ": 33.129629629629626, "medianQ": 36.0, "length": 270}, "@SRR24581281.36": {"meanQ": 34.94983277591973, "medianQ": 36, "length": 299}, "@SRR24581281.37": {"meanQ": 33.96308724832215, "medianQ": 36.0, "length": 298}, "@SRR24581281.38": {"meanQ": 34.041666666666664, "medianQ": 36.0, "length": 288}, "@SRR24581281.39": {"meanQ": 35.27272727272727, "medianQ": 36, "length": 297}, "@SRR24581281.40": {"meanQ": 34.085910652920965, "medianQ": 36, "length": 291}, "@SRR24581281.41": {"meanQ": 31.958620689655174, "medianQ": 36.0, "length": 290}, "@SRR24581281.42": {"meanQ": 35.12, "medianQ": 36.0, "length": 300}, "@SRR24581281.43": {"meanQ": 33.73851590106007, "medianQ": 36, "length": 283}, "@SRR24581281.44": {"meanQ": 27.68487394957983, "medianQ": 32.0, "length": 238}, "@SRR24581281.45": {"meanQ": 34.74496644295302, "medianQ": 36.0, "length": 298}, "@SRR24581281.46": {"meanQ": 34.79124579124579, "medianQ": 36, "length": 297}, "@SRR24581281.47": {"meanQ": 33.94949494949495, "medianQ": 36, "length": 297}, "@SRR24581281.48": {"meanQ": 33.64505119453925, "medianQ": 36, "length": 293}, "@SRR24581281.49": {"meanQ": 33.220588235294116, "medianQ": 36.0, "length": 272}, "@SRR24581281.50": {"meanQ": 33.11888111888112, "medianQ": 36.0, "length": 286}}