{"@SRR24581281.1": {"meanQ": 33.85382059800664, "medianQ": 36, "length": 301}, "@SRR24581281.2": {"meanQ": 34.644827586206894, "medianQ": 36.0, "length": 290}, "@SRR24581281.3": {"meanQ": 35, "medianQ": 36, "length": 295}, "@SRR24581281.4": {"meanQ": 34.513333333333335, "medianQ": 36.0, "length": 300}, "@SRR24581281.5": {"meanQ": 34.439189189189186, "medianQ": 36.0, "length": 296}, "@SRR24581281.6": {"meanQ": 34.207357859531776, "medianQ": 36, "length": 299}, "@SRR24581281.7": {"meanQ": 35.266666666666666, "medianQ": 36.0, "length": 300}, "@SRR24581281.8": {"meanQ": 31.656603773584905, "medianQ": 36, "length": 265}, "@SRR24581281.9": {"meanQ": 31.81159420289855, "medianQ": 36.0, "length": 276}, "@SRR24581281.10": {"meanQ": 34.70666666666666, "medianQ": 36.0, "length": 300}, "@SRR24581281.11": {"meanQ": 32.09338521400778, "medianQ": 36, "length": 257}, "@SRR24581281.12": {"meanQ": 34.7109634551495, "medianQ": 36, "length": 301}, "@SRR24581281.13": {"meanQ": 35.317880794701985, "medianQ": 36.0, "length": 302}, "@SRR24581281.14": {"meanQ": 35.20066889632107, "medianQ": 36, "length": 299}, "@SRR24581281.15": {"meanQ": 35.27457627118644, "medianQ": 36, "length": 295}, "@SRR24581281.16": {"meanQ": 33.27402135231317, "medianQ": 36, "length": 281}, "@SRR24581281.17": {"meanQ": 33.048327137546465, "medianQ": 36, "length": 269}, "@SRR24581281.18": {"meanQ": 34.73809523809524, "medianQ": 36.0, "length": 294}, "@SRR24581281.19": {"meanQ": 34.508532423208194, "medianQ": 36, "length": 293}, "@SRR24581281.20": {"meanQ": 34.50333333333333, "medianQ": 36.0, "length": 300}, "@SRR24581281.21": {"meanQ": 34.29865771812081, "medianQ": 36.0, "length": 298}, "@SRR24581281.22": {"meanQ": 30.973076923076924, "medianQ": 36.0, "length": 260}, "@SRR24581281.23": {"meanQ": 35.21016949152543, "medianQ": 36, "length": 295}, "@SRR24581281.24": {"meanQ": 31.84115523465704, "medianQ": 36, "length": 277}, "@SRR24581281.25": {"meanQ": 35.10033444816054, "medianQ": 36, "length": 299}, "@SRR24581281.26": {"meanQ": 33.506802721088434, "medianQ": 36.0, "length": 294}, "@SRR24581281.27": {"meanQ": 33.4020979020979, "medianQ": 36.0, "length": 286}, "@SRR24581281.28": {"meanQ": 27.145454545454545, "medianQ": 32, "length": 275}, "@SRR24581281.29": {"meanQ": 30.29811320754717, "medianQ": 36, "length": 265}, "@SRR24581281.30": {"meanQ": 33.24909747292419, "medianQ": 36, "length": 277}, "@SRR24581281.31": {"meanQ": 34.483333333333334, "medianQ": 36.0, "length": 300}, "@SRR24581281.32": {"meanQ": 34.986577181208055, "medianQ": 36.0, "length": 298}, "@SRR24581281.33": {"meanQ": 34.97260273972603, "medianQ": 36.0, "length": 292}, "@SRR24581281.34": {"meanQ": 32.68055555555556, "medianQ": 36.0, "length": 288}, "@SRR24581281.35": {"meanQ": 33.129629629629626, "medianQ": 36.0, "length": 270}, "@SRR24581281.36": {"meanQ": 34.94983277591973, "medianQ": 36, "length": 299}, "@SRR24581281.37": {"meanQ": 33.96308724832215, "medianQ": 36.0, "length": 298}, "@SRR24581281.38": {"meanQ": 34.041666666666664, "medianQ": 36.0, "length": 288}, "@SRR24581281.39": {"meanQ": 35.27272727272727, "medianQ": 36, "length": 297}, "@SRR24581281.40": {"meanQ": 34.085910652920965, "medianQ": 36, "length": 291}, "@SRR24581281.41": {"meanQ": 31.958620689655174, "medianQ": 36.0, "length": 290}, "@SRR24581281.42": {"meanQ": 35.12, "medianQ": 36.0, "length": 300}, "@SRR24581281.43": {"meanQ": 33.73851590106007, "medianQ": 36, "length": 283}, "@SRR24581281.44": {"meanQ": 27.68487394957983, "medianQ": 32.0, "length": 238}, "@SRR24581281.45": {"meanQ": 34.74496644295302, "medianQ": 36.0, "length": 298}, "@SRR24581281.46": {"meanQ": 34.79124579124579, "medianQ": 36, "length": 297}, "@SRR24581281.47": {"meanQ": 33.94949494949495, "medianQ": 36, "length": 297}, "@SRR24581281.48": {"meanQ": 33.64505119453925, "medianQ": 36, "length": 293}, "@SRR24581281.49": {"meanQ": 33.220588235294116, "medianQ": 36.0, "length": 272}, "@SRR24581281.50": {"meanQ": 33.11888111888112, "medianQ": 36.0, "length": 286}, "@SRR24581281.51": {"meanQ": 32.13937282229965, "medianQ": 36, "length": 287}, "@SRR24581281.52": {"meanQ": 33.99285714285714, "medianQ": 36.0, "length": 280}, "@SRR24581281.53": {"meanQ": 34.19453924914676, "medianQ": 36, "length": 293}, "@SRR24581281.54": {"meanQ": 35.36333333333334, "medianQ": 36.0, "length": 300}, "@SRR24581281.55": {"meanQ": 27.183266932270918, "medianQ": 32, "length": 251}, "@SRR24581281.56": {"meanQ": 34.232081911262796, "medianQ": 36, "length": 293}, "@SRR24581281.57": {"meanQ": 29.511904761904763, "medianQ": 32.0, "length": 252}, "@SRR24581281.58": {"meanQ": 35.241721854304636, "medianQ": 36.0, "length": 302}, "@SRR24581281.59": {"meanQ": 31.681159420289855, "medianQ": 36.0, "length": 276}, "@SRR24581281.60": {"meanQ": 34.44107744107744, "medianQ": 36, "length": 297}, "@SRR24581281.61": {"meanQ": 28.752613240418118, "medianQ": 36, "length": 287}, "@SRR24581281.62": {"meanQ": 34.642857142857146, "medianQ": 36.0, "length": 294}, "@SRR24581281.63": {"meanQ": 33.755102040816325, "medianQ": 36, "length": 245}, "@SRR24581281.64": {"meanQ": 34.1740614334471, "medianQ": 36, "length": 293}, "@SRR24581281.65": {"meanQ": 29.56088560885609, "medianQ": 36, "length": 271}, "@SRR24581281.66": {"meanQ": 35.03666666666667, "medianQ": 36.0, "length": 300}, "@SRR24581281.67": {"meanQ": 30.320158102766797, "medianQ": 32, "length": 253}, "@SRR24581281.68": {"meanQ": 31.894736842105264, "medianQ": 36.0, "length": 266}, "@SRR24581281.69": {"meanQ": 34.15699658703072, "medianQ": 36, "length": 293}, "@SRR24581281.70": {"meanQ": 34.09818181818182, "medianQ": 36, "length": 275}, "@SRR24581281.71": {"meanQ": 32.62825278810409, "medianQ": 36, "length": 269}, "@SRR24581281.72": {"meanQ": 32.591911764705884, "medianQ": 36.0, "length": 272}, "@SRR24581281.73": {"meanQ": 34.96345514950166, "medianQ": 36, "length": 301}, "@SRR24581281.74": {"meanQ": 33.12132352941177, "medianQ": 36.0, "length": 272}, "@SRR24581281.75": {"meanQ": 33.39928057553957, "medianQ": 36.0, "length": 278}, "@SRR24581281.76": {"meanQ": 34.833333333333336, "medianQ": 36.0, "length": 300}, "@SRR24581281.77": {"meanQ": 32.10507246376812, "medianQ": 36.0, "length": 276}, "@SRR24581281.78": {"meanQ": 34.034129692832764, "medianQ": 36, "length": 293}, "@SRR24581281.79": {"meanQ": 34.99666666666667, "medianQ": 36.0, "length": 300}, "@SRR24581281.80": {"meanQ": 34.9728813559322, "medianQ": 36, "length": 295}, "@SRR24581281.81": {"meanQ": 33.53333333333333, "medianQ": 36, "length": 285}, "@SRR24581281.82": {"meanQ": 33.27681660899654, "medianQ": 36, "length": 289}, "@SRR24581281.83": {"meanQ": 33.56363636363636, "medianQ": 36, "length": 275}, "@SRR24581281.84": {"meanQ": 32.92617449664429, "medianQ": 36.0, "length": 298}, "@SRR24581281.85": {"meanQ": 34.406666666666666, "medianQ": 36.0, "length": 300}, "@SRR24581281.86": {"meanQ": 33.61188811188811, "medianQ": 36.0, "length": 286}, "@SRR24581281.87": {"meanQ": 34.54362416107382, "medianQ": 36.0, "length": 298}, "@SRR24581281.88": {"meanQ": 33.95172413793104, "medianQ": 36.0, "length": 290}, "@SRR24581281.89": {"meanQ": 31.057692307692307, "medianQ": 36.0, "length": 260}, "@SRR24581281.90": {"meanQ": 34.87959866220736, "medianQ": 36, "length": 299}, "@SRR24581281.91": {"meanQ": 35.04109589041096, "medianQ": 36.0, "length": 292}, "@SRR24581281.92": {"meanQ": 30.848837209302324, "medianQ": 36.0, "length": 258}, "@SRR24581281.93": {"meanQ": 34.28135593220339, "medianQ": 36, "length": 295}, "@SRR24581281.94": {"meanQ": 33.946236559139784, "medianQ": 36, "length": 279}, "@SRR24581281.95": {"meanQ": 34.07216494845361, "medianQ": 36, "length": 291}, "@SRR24581281.96": {"meanQ": 33.498257839721255, "medianQ": 36, "length": 287}, "@SRR24581281.97": {"meanQ": 34.22260273972603, "medianQ": 36.0, "length": 292}, "@SRR24581281.98": {"meanQ": 31.641221374045802, "medianQ": 36.0, "length": 262}, "@SRR24581281.99": {"meanQ": 35.013333333333335, "medianQ": 36.0, "length": 300}, "@SRR24581281.100": {"meanQ": 29.026819923371647, "medianQ": 32,