{"@SRR12432009.1": {"meanQ": 36.501694915254234, "medianQ": 37, "length": 295}, "@SRR12432009.2": {"meanQ": 36.14333333333333, "medianQ": 37.0, "length": 300}, "@SRR12432009.3": {"meanQ": 35.34172661870504, "medianQ": 37.0, "length": 278}, "@SRR12432009.4": {"meanQ": 33.35231316725979, "medianQ": 37, "length": 281}, "@SRR12432009.5": {"meanQ": 36.39, "medianQ": 37.0, "length": 300}, "@SRR12432009.6": {"meanQ": 35.83277591973244, "medianQ": 37, "length": 299}, "@SRR12432009.7": {"meanQ": 35.173469387755105, "medianQ": 37.0, "length": 294}, "@SRR12432009.8": {"meanQ": 34.807432432432435, "medianQ": 37.0, "length": 296}, "@SRR12432009.9": {"meanQ": 33.84511784511785, "medianQ": 37, "length": 297}, "@SRR12432009.10": {"meanQ": 36.39, "medianQ": 37.0, "length": 300}, "@SRR12432009.11": {"meanQ": 36.020066889632105, "medianQ": 37, "length": 299}, "@SRR12432009.12": {"meanQ": 34.46641791044776, "medianQ": 37.0, "length": 268}, "@SRR12432009.13": {"meanQ": 35.531772575250834, "medianQ": 37, "length": 299}, "@SRR12432009.14": {"meanQ": 35.67224080267559, "medianQ": 37, "length": 299}, "@SRR12432009.15": {"meanQ": 36.68333333333333, "medianQ": 37.0, "length": 300}, "@SRR12432009.16": {"meanQ": 36.35, "medianQ": 37.0, "length": 300}, "@SRR12432009.17": {"meanQ": 34.82333333333333, "medianQ": 37.0, "length": 300}, "@SRR12432009.18": {"meanQ": 32.62080536912752, "medianQ": 37.0, "length": 298}, "@SRR12432009.19": {"meanQ": 36.71666666666667, "medianQ": 37.0, "length": 300}, "@SRR12432009.20": {"meanQ": 35.0503355704698, "medianQ": 37.0, "length": 298}, "@SRR12432009.21": {"meanQ": 35.852842809364546, "medianQ": 37, "length": 299}, "@SRR12432009.22": {"meanQ": 36.55518394648829, "medianQ": 37, "length": 299}, "@SRR12432009.23": {"meanQ": 36.159322033898306, "medianQ": 37, "length": 295}, "@SRR12432009.24": {"meanQ": 35.30508474576271, "medianQ": 37, "length": 295}, "@SRR12432009.25": {"meanQ": 36.16216216216216, "medianQ": 37.0, "length": 296}, "@SRR12432009.26": {"meanQ": 35.303030303030305, "medianQ": 37, "length": 297}, "@SRR12432009.27": {"meanQ": 36.50666666666667, "medianQ": 37.0, "length": 300}, "@SRR12432009.28": {"meanQ": 36.8, "medianQ": 37.0, "length": 300}, "@SRR12432009.29": {"meanQ": 36.759197324414714, "medianQ": 37, "length": 299}, "@SRR12432009.30": {"meanQ": 35.833333333333336, "medianQ": 37.0, "length": 300}, "@SRR12432009.31": {"meanQ": 32.80597014925373, "medianQ": 37.0, "length": 268}, "@SRR12432009.32": {"meanQ": 36.51839464882943, "medianQ": 37, "length": 299}, "@SRR12432009.33": {"meanQ": 36.49832775919732, "medianQ": 37, "length": 299}, "@SRR12432009.34": {"meanQ": 35.78260869565217, "medianQ": 37, "length": 299}, "@SRR12432009.35": {"meanQ": 36.010169491525424, "medianQ": 37, "length": 295}, "@SRR12432009.36": {"meanQ": 36.79933110367893, "medianQ": 37, "length": 299}, "@SRR12432009.37": {"meanQ": 36.15172413793103, "medianQ": 37.0, "length": 290}, "@SRR12432009.38": {"meanQ": 36.346666666666664, "medianQ": 37.0, "length": 300}, "@SRR12432009.39": {"meanQ": 33.07801418439716, "medianQ": 37.0, "length": 282}, "@SRR12432009.40": {"meanQ": 36.47118644067797, "medianQ": 37, "length": 295}, "@SRR12432009.41": {"meanQ": 36.629629629629626, "medianQ": 37, "length": 297}, "@SRR12432009.42": {"meanQ": 36.6271186440678, "medianQ": 37, "length": 295}, "@SRR12432009.43": {"meanQ": 36.63879598662207, "medianQ": 37, "length": 299}, "@SRR12432009.44": {"meanQ": 36.222972972972975, "medianQ": 37.0, "length": 296}, "@SRR12432009.45": {"meanQ": 36.59731543624161, "medianQ": 37.0, "length": 298}, "@SRR12432009.46": {"meanQ": 36.67785234899329, "medianQ": 37.0, "length": 298}, "@SRR12432009.47": {"meanQ": 33.59786476868327, "medianQ": 37, "length": 281}, "@SRR12432009.48": {"meanQ": 36.84, "medianQ": 37.0, "length": 300}, "@SRR12432009.49": {"meanQ": 35.11206896551724, "medianQ": 37.0, "length": 232}, "@SRR12432009.50": {"meanQ": 36.25333333333333, "medianQ": 37.0, "length": 300}, "@SRR12432009.51": {"meanQ": 36.759197324414714, "medianQ": 37, "length": 299}, "@SRR12432009.52": {"meanQ": 36.46801346801347, "medianQ": 37, "length": 297}, "@SRR12432009.53": {"meanQ": 33.40701754385965, "medianQ": 37, "length": 285}, "@SRR12432009.54": {"meanQ": 36.3, "medianQ": 37.0, "length": 300}, "@SRR12432009.55": {"meanQ": 36.270270270270274, "medianQ": 37.0, "length": 296}, "@SRR12432009.56": {"meanQ": 36.355704697986575, "medianQ": 37.0, "length": 298}, "@SRR12432009.57": {"meanQ": 36.88, "medianQ": 37.0, "length": 300}, "@SRR12432009.58": {"meanQ": 35.229166666666664, "medianQ": 37.0, "length": 288}, "@SRR12432009.59": {"meanQ": 36.100671140939596, "medianQ": 37.0, "length": 298}, "@SRR12432009.60": {"meanQ": 34.37931034482759, "medianQ": 37.0, "length": 290}, "@SRR12432009.61": {"meanQ": 36.7979797979798, "medianQ": 37, "length": 297}, "@SRR12432009.62": {"meanQ": 35.42666666666667, "medianQ": 37.0, "length": 300}, "@SRR12432009.63": {"meanQ": 27.318181818181817, "medianQ": 37.0, "length": 264}, "@SRR12432009.64": {"meanQ": 35.810810810810814, "medianQ": 37.0, "length": 296}, "@SRR12432009.65": {"meanQ": 33.56296296296296, "medianQ": 37.0, "length": 270}, "@SRR12432009.66": {"meanQ": 36.43050847457627, "medianQ": 37, "length": 295}, "@SRR12432009.67": {"meanQ": 34.929577464788736, "medianQ": 37.0, "length": 284}, "@SRR12432009.68": {"meanQ": 35, "medianQ": 37, "length": 297}, "@SRR12432009.69": {"meanQ": 36.79865771812081, "medianQ": 37.0, "length": 298}, "@SRR12432009.70": {"meanQ": 36.586666666666666, "medianQ": 37.0, "length": 300}, "@SRR12432009.71": {"meanQ": 36.63210702341137, "medianQ": 37, "length": 299}, "@SRR12432009.72": {"meanQ": 36.57859531772575, "medianQ": 37, "length": 299}, "@SRR12432009.73": {"meanQ": 36.16, "medianQ": 37.0, "length": 300}, "@SRR12432009.74": {"meanQ": 32.396610169491524, "medianQ": 37, "length": 295}, "@SRR12432009.75": {"meanQ": 36.59866220735786, "medianQ": 37, "length": 299}, "@SRR12432009.76": {"meanQ": 36.79933110367893, "medianQ": 37, "length": 299}, "@SRR12432009.77": {"meanQ": 33.12881355932203, "medianQ": 37, "length": 295}, "@SRR12432009.78": {"meanQ": 33.62837837837838, "medianQ": 37.0, "length": 296}, "@SRR12432009.79": {"meanQ": 36.297658862876254, "medianQ": 37, "length": 299}, "@SRR12432009.80": {"meanQ": 36.50335570469799, "medianQ": 37.0, "length": 298}, "@SRR12432009.81": {"meanQ": 36.711409395973156, "medianQ": 37.0, "length": 298}, "@SRR12432009.82": {"meanQ": 34.71217712177122, "medianQ": 37, "length": 271}, "@SRR12432009.83": {"meanQ": 35.70945945945946, "medianQ": 37.0, "length": 296}, "@SRR12432009.84": {"meanQ": 36.50335570469799, "medianQ": 37.0, "length": 298}, "@SRR12432009.85": {"meanQ": 35.05035971223022, "medianQ": 37.0, "length": 278}, "@SRR12432009.86": {"meanQ": 33.422939068100355, "medianQ": 37, "length": 279}, "@SRR12432009.87": {"meanQ": 36.46308724832215, "medianQ": 37.0, "length": 298}, "@SRR12432009.88": {"meanQ": 36.79933110367893, "medianQ": 37, "length": 299}, "@SRR12432009.89": {"meanQ": 34.503649635036496, "medianQ": 37.0, "length": 274}, "@SRR12432009.90": {"meanQ": 36.42953020134228, "medianQ": 37.0, "length": 298}, "@SRR12432009.91": {"meanQ": 31.530465949820787, "medianQ": 37, "length": 279}, "@SRR12432009.92": {"meanQ": 35.59731543624161, "medianQ": 37.0, "length": 298}, "@SRR12432009.93": {"meanQ": 36.50666666666667, "medianQ": 37.0, "length": 300}, "@SRR12432009.94": {"meanQ": 36.92, "medianQ": 37.0, "length": 300}, "@SRR12432009.95": {"meanQ": 35.52203389830508, "medianQ": 37, "length": 295}, "@SRR12432009.96": {"meanQ": 36.671140939597315, "medianQ": 37.0, "length": 298}, "@SRR12432009.97": {"meanQ": 27.56928838951311, "medianQ": 37, "length": 267}, "@SRR12432009.98": {"meanQ": 36.47157190635451, "medianQ": 37, "length": 299}, "@SRR12432009.99": {"meanQ": 32.22909090909091, "medianQ": 37, "length": 275}, "@SRR12432009.100": {"meanQ": 36.585284280936456, "medianQ": 37, "length": 299}, "@SRR12432009.101": {"meanQ": 35.79322033898305, "medianQ": 37, "length": 295},