{"@SRR24581281.1": {"meanQ": 31.846153846153847, "medianQ": 36, "length": 13}, "@SRR24581281.2": {"meanQ": 34, "medianQ": 34.0, "length": 10}, "@SRR24581281.3": {"meanQ": 33.142857142857146, "medianQ": 32, "length": 7}, "@SRR24581281.4": {"meanQ": 33.5, "medianQ": 32.0, "length": 8}}